{
  "final_loss_avg": 2.917308044433594,
  "final_slope": 1.3599947136524104,
  "avg_discrepancy": 0.18726889789104462,
  "normalized_loss": 0.416758292061942,
  "kappa": 1.0,
  "d": 4,
  "P": 7,
  "N": 1028,
  "chi": 1.0
}