P,lK1_ratio,lK3_ratio
1.9036539387158786,nan,nan
2.6049388991366236,nan,nan
3.5645694473295215,nan,nan
4.877717227473702,nan,nan
