
{
	"perps":[
		[
			8.333333333333334e-2,
			0.5
		],
		[
			4.166666666666667e-2,
			0.25
		],
		[
			1.639344262295082e-2,
			9.090909090909091e-2
		],
		[
			8.130081300813009e-3,
			4.3478260869565216e-2
		],
		[
			1.6233766233766233e-3,
			8.620689655172414e-3
		],
		[
			1.3513513513513516e-3,
			7.142857142857143e-3
		],
		[
			1.0141987829614604e-3,
			5.376344086021506e-3
		],
		[
			8.110300081103e-4,
			4.291845493562232e-3
		],
		[
			4.0551500405515e-4,
			2.145922746781116e-3
		],
		[
			2.0271639975674033e-4,
			1.0718113612004287e-3
		]
	],
	"targ":[
		[
			0.8161457142118533,
			0.5886598242288873
		],
		[
			0.7734061929331126,
			0.29432991211444365
		],
		[
			0.7288466423880023,
			0.10802763027502003
		],
		[
			0.7113474440301124,
			5.189228730472012e-2
		],
		[
			0.7028622078687197,
			1.029780671480734e-2
		],
		[
			0.701402816906139,
			8.537312821058898e-3
		],
		[
			0.7017912515976648,
			6.423657319748825e-3
		],
		[
			0.7011396390046963,
			5.128989364616178e-3
		],
		[
			0.7007212185229912,
			2.564494682308089e-3
		],
		[
			0.700291136278263,
			1.2810091042112855e-3
		]
	],
	"params":[
		[
			10,
			7,
			2
		],
		[
			20,
			14,
			4
		],
		[
			50,
			35,
			11
		],
		[
			100,
			70,
			23
		],
		[
			500,
			350,
			116
		],
		[
			600,
			420,
			140
		],
		[
			800,
			560,
			186
		],
		[
			1000,
			700,
			233
		],
		[
			2000,
			1400,
			466
		],
		[
			4000,
			2800,
			933
		]
	]
}