{
  "chi": 1,
  "original_epochs": 100000,
  "checkpoints": [
    {
      "epoch": 100000,
      "lH": 0.5437679886817932,
      "eigenvalues": [
        0.5098189115524292,
        0.5437679886817932
      ]
    },
    {
      "epoch": 200000,
      "lH": 0.4991365075111389,
      "eigenvalues": [
        0.46814435720443726,
        0.4991365075111389
      ]
    },
    {
      "epoch": 300000,
      "lH": 0.5419190526008606,
      "eigenvalues": [
        0.5135528445243835,
        0.5419190526008606
      ]
    },
    {
      "epoch": 400000,
      "lH": 0.4958212077617645,
      "eigenvalues": [
        0.4958212077617645,
        0.48071134090423584
      ]
    }
  ]
}