{
  "chi": 1,
  "original_epochs": 100000,
  "checkpoints": [
    {
      "epoch": 100000,
      "lH": 0.7222164273262024,
      "eigenvalues": [
        0.6717835664749146,
        0.7222164273262024
      ]
    },
    {
      "epoch": 200000,
      "lH": 0.7006717920303345,
      "eigenvalues": [
        0.6168780326843262,
        0.7006717920303345
      ]
    },
    {
      "epoch": 300000,
      "lH": 0.7146015763282776,
      "eigenvalues": [
        0.6624794602394104,
        0.7146015763282776
      ]
    },
    {
      "epoch": 400000,
      "lH": 0.6384191513061523,
      "eigenvalues": [
        0.6203976273536682,
        0.6384191513061523
      ]
    }
  ]
}