{
  "eigenvalues": [
    0.5781723260879517,
    0.662238359451294
  ],
  "num_eigenvalues": 2
}