{
  "final_loss_avg": 6.378942489624023,
  "final_slope": 0.1500185989492449,
  "avg_discrepancy": 0.3493618667125702,
  "normalized_loss": 15.947356224060059,
  "kappa": 2.0,
  "d": 2,
  "P": 6,
  "N": 30,
  "chi": 30
}