{
  "final_loss_avg": 11.431366729736329,
  "final_slope": 3.0894482146619593,
  "avg_discrepancy": 0.25003963708877563,
  "normalized_loss": 0.06532209559849331,
  "kappa": 25.0,
  "d": 4,
  "P": 7,
  "N": 1028,
  "chi": 1.0
}