{
  "final_loss_avg": 3.74438362121582,
  "final_slope": 1.4173905161340636,
  "avg_discrepancy": 0.21025948226451874,
  "normalized_loss": 0.34039851101962,
  "kappa": 1.0,
  "d": 8,
  "P": 11,
  "N": 1028,
  "chi": 1.0
}