{
  "final_loss_avg": 3.5119041442871093,
  "final_slope": 1.3384376073266142,
  "avg_discrepancy": 0.2110951840877533,
  "normalized_loss": 0.3990800163962624,
  "kappa": 0.8,
  "d": 8,
  "P": 11,
  "N": 1028,
  "chi": 1.0
}