{
  "final_loss_avg": 0.5357557773590088,
  "final_slope": 0.786371633281697,
  "avg_discrepancy": 0.13579526543617249,
  "normalized_loss": 38.96405653520064,
  "kappa": 0.00125,
  "d": 8,
  "P": 11,
  "N": 1028,
  "chi": 1.0
}