{
  "final_loss_avg": 1.2381662368774413,
  "final_slope": 1.1275088146908523,
  "avg_discrepancy": 0.12170790135860443,
  "normalized_loss": 0.44220222745622906,
  "kappa": 0.4,
  "d": 4,
  "P": 7,
  "N": 1028,
  "chi": 1.0
}