{
  "final_loss_avg": 0.07517960667610168,
  "final_slope": 0.969858345863382,
  "avg_discrepancy": 0.06540853530168533,
  "normalized_loss": 17.18391009739467,
  "kappa": 0.000625,
  "d": 4,
  "P": 7,
  "N": 1028,
  "chi": 1.0
}