{
  "eigenvalues": [
    0.6580430269241333,
    0.7674589157104492
  ],
  "num_eigenvalues": 2
}