{
  "final_loss_avg": 2.6689533233642577,
  "final_slope": 0.43784663939396734,
  "avg_discrepancy": 0.4396608769893646,
  "normalized_loss": 80.06859970092773,
  "kappa": 0.16666666666666666,
  "d": 2,
  "P": 6,
  "N": 30,
  "chi": 30
}