{
  "4": {
    "k_6.250000e-04": {
      "final_loss_avg": 0.07517960667610168,
      "final_slope": 0.969858345863382,
      "avg_discrepancy": 0.06540853530168533,
      "normalized_loss": 17.18391009739467,
      "kappa": 0.000625,
      "d": 4,
      "P": 7,
      "N": 1028,
      "chi": 1.0
    },
    "k_2.500000e-03": {
      "final_loss_avg": 0.07926166653633118,
      "final_slope": 0.9645622856460899,
      "avg_discrepancy": 0.06261415779590607,
      "normalized_loss": 4.529238087790353,
      "kappa": 0.0025,
      "d": 4,
      "P": 7,
      "N": 1028,
      "chi": 1.0
    },
    "k_1.000000e+00": {
      "final_loss_avg": 2.917308044433594,
      "final_slope": 1.3599947136524104,
      "avg_discrepancy": 0.18726889789104462,
      "normalized_loss": 0.416758292061942,
      "kappa": 1.0,
      "d": 4,
      "P": 7,
      "N": 1028,
      "chi": 1.0
    },
    "k_4.000000e-01": {
      "final_loss_avg": 1.2381662368774413,
      "final_slope": 1.1275088146908523,
      "avg_discrepancy": 0.12170790135860443,
      "normalized_loss": 0.44220222745622906,
      "kappa": 0.4,
      "d": 4,
      "P": 7,
      "N": 1028,
      "chi": 1.0
    },
    "k_2.500000e+01": {
      "final_loss_avg": 11.431366729736329,
      "final_slope": 3.0894482146619593,
      "avg_discrepancy": 0.25003963708877563,
      "normalized_loss": 0.06532209559849331,
      "kappa": 25.0,
      "d": 4,
      "P": 7,
      "N": 1028,
      "chi": 1.0
    }
  },
  "8": {
    "k_1.562500e-04": {
      "final_loss_avg": 0.5253328323364258,
      "final_slope": 0.7830269069314111,
      "avg_discrepancy": 0.13913847506046295,
      "normalized_loss": 305.648193359375,
      "kappa": 0.00015625,
      "d": 8,
      "P": 11,
      "N": 1028,
      "chi": 1.0
    },
    "k_1.250000e-03": {
      "final_loss_avg": 0.5357557773590088,
      "final_slope": 0.7863715818705618,
      "avg_discrepancy": 0.13579528033733368,
      "normalized_loss": 38.96405653520064,
      "kappa": 0.00125,
      "d": 8,
      "P": 11,
      "N": 1028,
      "chi": 1.0
    },
    "k_1.000000e+00": {
      "final_loss_avg": 3.74438362121582,
      "final_slope": 1.41739052203583,
      "avg_discrepancy": 0.21025948226451874,
      "normalized_loss": 0.34039851101962,
      "kappa": 1.0,
      "d": 8,
      "P": 11,
      "N": 1028,
      "chi": 1.0
    },
    "k_8.000000e-01": {
      "final_loss_avg": 3.5119041442871093,
      "final_slope": 1.3384376073266142,
      "avg_discrepancy": 0.2110951840877533,
      "normalized_loss": 0.3990800163962624,
      "kappa": 0.8,
      "d": 8,
      "P": 11,
      "N": 1028,
      "chi": 1.0
    },
    "k_2.500000e+01": {
      "final_loss_avg": 9.460075378417969,
      "final_slope": 7.800391863010765,
      "avg_discrepancy": 0.15906637907028198,
      "normalized_loss": 0.03440027410333807,
      "kappa": 25.0,
      "d": 8,
      "P": 11,
      "N": 1028,
      "chi": 1.0
    }
  }
}