{
  "final_loss_avg": 1.2381662368774413,
  "final_slope": 1.127508694262234,
  "avg_discrepancy": 0.12170784920454025,
  "normalized_loss": 0.44220222745622906,
  "kappa": 0.4,
  "d": 4,
  "P": 7,
  "N": 1028,
  "chi": 1.0
}