{
  "dims": [
    2,
    6,
    8,
    10
  ],
  "largest_eigenvalues": [
    0.5492339730262756,
    0.18398746848106384,
    0.15765850245952606,
    0.11971859633922577
  ],
  "mean_other_eigenvalues": [
    0.5290287733078003,
    0.17643020451068878,
    0.1367183689560209,
    0.11062605927387874
  ],
  "P": 6,
  "N": 50,
  "chi": 50
}