{
  "final_loss_avg": 0.07926166653633118,
  "final_slope": 0.9645623531285342,
  "avg_discrepancy": 0.06261411309242249,
  "normalized_loss": 4.529238087790353,
  "kappa": 0.0025,
  "d": 4,
  "P": 7,
  "N": 1028,
  "chi": 1.0
}