{
  "d": 4,
  "P": 7,
  "N": 256,
  "ens": 15,
  "kappa": 5.0,
  "num_seeds": 100,
  "epochs": 50000,
  "lr": 1.4285714285714284e-08,
  "model_mean": [
    0.2698681950569153,
    -0.06095581129193306,
    0.228993222117424,
    -0.24294310808181763,
    -0.07366474717855453,
    -0.39505505561828613,
    -0.015897482633590698,
    0.1395314484834671,
    0.05459700897336006,
    -0.08825668692588806,
    -0.5605646371841431,
    -0.2759781777858734,
    -0.015141915529966354,
    -0.23313063383102417,
    0.31909409165382385,
    0.24659311771392822,
    0.34980079531669617,
    0.29853472113609314,
    0.22289571166038513,
    -0.5982802510261536,
    0.06918324530124664,
    0.1063767522573471,
    -0.05911650508642197,
    -0.40936535596847534,
    -0.3799980580806732,
    0.32324472069740295,
    0.21744318306446075,
    -0.21177254617214203,
    -0.3953002989292145,
    -0.11438696086406708,
    0.004682567436248064,
    -0.16570506989955902,
    -0.4267975389957428,
    -0.2475409209728241,
    -0.12407461553812027,
    -0.037978775799274445,
    0.203731968998909,
    -0.07484361529350281,
    0.1254453808069229,
    -0.1268962025642395,
    0.07091045379638672,
    -0.18865619599819183,
    -0.4131040573120117,
    0.19918164610862732,
    -0.16965928673744202,
    0.0060950214974582195,
    0.11346970498561859,
    0.05078546702861786,
    -0.32691848278045654,
    -0.09593763202428818,
    0.29589706659317017,
    -0.06443065404891968,
    0.23265387117862701,
    0.047372136265039444,
    0.23778599500656128,
    -0.23719856142997742,
    -0.0035911635495722294,
    0.18655045330524445,
    0.031651102006435394,
    0.3328542113304138,
    0.15030492842197418,
    -0.18172648549079895,
    -0.18436871469020844,
    -0.17303237318992615
  ],
  "model_std": [
    0.9940100312232971,
    0.775489866733551,
    0.5679895877838135,
    0.9459161758422852,
    1.1487241983413696,
    0.9906800389289856,
    0.2814609408378601,
    1.1112339496612549,
    1.0025196075439453,
    0.33560413122177124,
    1.4042067527770996,
    0.9764131307601929,
    0.9532862305641174,
    0.6182330846786499,
    0.9049838185310364,
    0.9845924973487854,
    1.1415128707885742,
    1.1423447132110596,
    1.2078202962875366,
    1.5233690738677979,
    0.8686856627464294,
    0.615302324295044,
    0.7210268974304199,
    1.0339747667312622,
    0.8812819719314575,
    0.8099091649055481,
    1.1370269060134888,
    0.7374467253684998,
    1.214613914489746,
    0.342648446559906,
    0.46824413537979126,
    0.7351215481758118,
    1.559046983718872,
    0.816061794757843,
    0.7749266028404236,
    0.527807354927063,
    0.9880822896957397,
    1.3029407262802124,
    0.49633216857910156,
    0.824192464351654,
    0.5200329422950745,
    0.5615429282188416,
    1.1928448677062988,
    0.7668842673301697,
    0.9215884804725647,
    0.3240107595920563,
    0.8577279448509216,
    0.1872163712978363,
    1.1465709209442139,
    0.4753705859184265,
    0.7866290211677551,
    0.3533618152141571,
    0.978726327419281,
    0.8863158822059631,
    0.8539009094238281,
    0.700782835483551,
    1.0378689765930176,
    0.6237024068832397,
    0.8468793630599976,
    1.0246691703796387,
    0.9141044020652771,
    0.5674080848693848,
    1.1674861907958984,
    0.8172199726104736
  ],
  "gpr_mean": [
    0.2923392653465271,
    -0.06505042314529419,
    0.25271499156951904,
    -0.27721986174583435,
    -0.06649298220872879,
    -0.43104881048202515,
    -0.012905660085380077,
    0.138066828250885,
    0.07657179981470108,
    -0.0990467295050621,
    -0.6193569302558899,
    -0.2999598979949951,
    -0.033112067729234695,
    -0.25652119517326355,
    0.33714035153388977,
    0.28088197112083435,
    0.40226632356643677,
    0.3152027428150177,
    0.2567030191421509,
    -0.6417238712310791,
    0.07211604714393616,
    0.1165810376405716,
    -0.054602719843387604,
    -0.4572940170764923,
    -0.41580721735954285,
    0.3551933169364929,
    0.22591952979564667,
    -0.2258075326681137,
    -0.414279580116272,
    -0.1280888319015503,
    -0.005676400847733021,
    -0.1748729646205902,
    -0.4677466154098511,
    -0.26549002528190613,
    -0.1473391205072403,
    -0.05100269243121147,
    0.2078978568315506,
    -0.06465776264667511,
    0.14129064977169037,
    -0.13852646946907043,
    0.08445145934820175,
    -0.19904357194900513,
    -0.4572821855545044,
    0.21106542646884918,
    -0.19777265191078186,
    0.014078731648623943,
    0.12086070328950882,
    0.05816401541233063,
    -0.36885127425193787,
    -0.10527259111404419,
    0.33311349153518677,
    -0.07124843448400497,
    0.2508945167064667,
    0.048318807035684586,
    0.24761730432510376,
    -0.25096073746681213,
    -0.014906760305166245,
    0.20909321308135986,
    0.04101935029029846,
    0.37713396549224854,
    0.16374969482421875,
    -0.20435814559459686,
    -0.22407540678977966,
    -0.1759597361087799
  ],
  "gpr_std": [
    0.16958893835544586,
    0.12384862452745438,
    0.10278330743312836,
    0.15650132298469543,
    0.17601056396961212,
    0.18575993180274963,
    0.045386943966150284,
    0.17213721573352814,
    0.15241286158561707,
    0.05588346719741821,
    0.24646694958209991,
    0.16383294761180878,
    0.1448962390422821,
    0.11389624327421188,
    0.16281509399414062,
    0.15927109122276306,
    0.19231900572776794,
    0.19955596327781677,
    0.1813301295042038,
    0.27310341596603394,
    0.12439864873886108,
    0.09528133273124695,
    0.11810870468616486,
    0.17893844842910767,
    0.1590333878993988,
    0.13935770094394684,
    0.18310220539569855,
    0.13399112224578857,
    0.2210073471069336,
    0.05832885578274727,
    0.07575275003910065,
    0.1260591298341751,
    0.27336350083351135,
    0.1482347995042801,
    0.12104123085737228,
    0.08124539256095886,
    0.16910503804683685,
    0.20086324214935303,
    0.08428061008453369,
    0.1379915326833725,
    0.07963921129703522,
    0.1038736030459404,
    0.21452383697032928,
    0.1245034709572792,
    0.14473573863506317,
    0.052151430398225784,
    0.1318405717611313,
    0.030230659991502762,
    0.1932743787765503,
    0.07787013053894043,
    0.1389278918504715,
    0.059442583471536636,
    0.1702786386013031,
    0.13056515157222748,
    0.15335118770599365,
    0.12538713216781616,
    0.15157891809940338,
    0.10373178124427795,
    0.1322944611310959,
    0.17296838760375977,
    0.14211063086986542,
    0.09588438272476196,
    0.18434371054172516,
    0.13637401163578033
  ],
  "slope": 0.9127804918106974,
  "intercept": 3.489052777141293e-05
}