{
  "final_loss_avg": 9.460075378417969,
  "final_slope": 7.800391863010765,
  "avg_discrepancy": 0.15906637907028198,
  "normalized_loss": 0.03440027410333807,
  "kappa": 25.0,
  "d": 8,
  "P": 11,
  "N": 1028,
  "chi": 1.0
}