{
  "d": 8,
  "P": 11,
  "N": 1028,
  "kappa": 0.00015625,
  "lr": 9.09090909090909e-09,
  "epochs": 70000,
  "chi": 1.0
}