{
  "final_loss_avg": 0.5253328323364258,
  "final_slope": 0.7830269430697453,
  "avg_discrepancy": 0.13913846015930176,
  "normalized_loss": 305.648193359375,
  "kappa": 0.00015625,
  "d": 8,
  "P": 11,
  "N": 1028,
  "chi": 1.0
}